art style,Abstract Art,Abstract Expressionism,Academicism,Art Informel,Art Nouveau (Modern),Baroque,Color Field Painting,Cubism,Early Renaissance,Expressionism,Fauvism,High Renaissance,Impressionism,Magic Realism,Mannerism (Late Renaissance),Naïve Art (Primitivism),Neoclassicism,Northern Renaissance,Pop Art,Post-Impressionism,Realism,Rococo,Romanticism,Surrealism,Symbolism,Ukiyo-e,Clasificador
Abstract Art,117,1,0,1,0,0,5,10,0,1,2,0,0,0,0,1,0,0,5,0,0,0,0,9,1,0,densenet169
Abstract Expressionism,5,98,0,5,1,2,4,0,0,6,1,0,0,0,0,0,0,0,9,1,1,0,0,3,2,2,densenet169
Academicism,0,0,110,0,1,11,0,0,0,0,0,2,3,0,1,0,8,1,0,2,3,11,6,1,4,0,densenet169
Art Informel,7,20,0,90,0,1,2,3,0,6,5,0,0,0,1,0,0,0,9,0,0,0,0,5,1,1,densenet169
Art Nouveau (Modern),0,3,1,0,111,0,1,1,1,4,1,0,0,2,0,1,1,1,0,7,2,1,1,1,5,7,densenet169
Baroque,0,0,0,0,1,118,0,0,2,0,0,2,0,0,5,0,4,2,0,0,0,12,2,0,0,0,densenet169
Color Field Painting,0,4,0,0,0,0,157,0,0,0,0,0,1,0,0,0,0,0,0,0,0,0,0,1,0,0,densenet169
Cubism,0,1,0,0,0,0,0,116,0,2,3,0,0,1,0,1,1,1,0,4,0,0,0,3,1,2,densenet169
Early Renaissance,0,0,1,0,0,1,0,0,113,0,0,11,0,0,1,0,2,14,0,0,0,1,0,2,0,0,densenet169
Expressionism,2,1,0,0,5,0,0,11,0,93,6,0,4,2,0,3,1,1,1,6,0,0,3,4,1,0,densenet169
Fauvism,2,2,0,0,1,0,0,7,0,7,89,0,1,0,0,2,0,0,1,4,0,0,0,2,0,0,densenet169
High Renaissance,0,0,0,0,0,0,0,0,13,0,0,105,0,0,11,0,2,9,0,0,0,2,0,0,2,0,densenet169
Impressionism,0,2,2,0,7,1,0,0,0,1,1,0,86,1,1,2,1,1,0,23,13,1,3,0,3,0,densenet169
Magic Realism,0,1,0,0,2,1,0,0,1,1,1,0,0,135,0,1,2,2,2,1,1,0,0,3,2,1,densenet169
Mannerism (Late Renaissance),0,0,0,0,1,10,0,0,1,0,0,11,0,0,121,1,2,4,0,0,1,3,1,0,4,0,densenet169
Naïve Art (Primitivism),0,1,1,0,5,0,0,1,0,3,0,0,0,6,0,113,0,1,1,1,2,0,0,7,2,2,densenet169
Neoclassicism,0,0,10,0,1,5,0,0,1,0,0,1,0,1,3,0,95,0,0,0,0,16,5,1,1,0,densenet169
Northern Renaissance,0,0,0,0,2,3,0,1,2,0,0,1,0,1,3,0,1,119,0,0,0,1,1,1,1,0,densenet169
Pop Art,1,2,0,1,2,0,0,4,0,1,0,0,0,1,0,1,1,0,125,2,0,0,0,4,0,1,densenet169
Post-Impressionism,0,0,1,0,2,0,0,2,0,3,3,1,8,1,0,2,2,3,0,100,4,0,1,1,3,0,densenet169
Realism,0,0,6,0,0,9,0,1,0,4,0,0,11,1,2,0,7,0,0,11,85,1,11,0,5,0,densenet169
Rococo,0,0,1,0,1,9,0,0,0,0,0,0,0,0,1,1,2,1,0,0,0,134,5,1,0,0,densenet169
Romanticism,0,0,10,0,6,6,0,0,1,0,0,0,3,1,2,1,6,0,0,0,9,15,91,3,4,0,densenet169
Surrealism,1,2,0,0,3,1,1,4,0,2,0,0,0,3,0,0,1,1,0,0,0,2,1,106,5,0,densenet169
Symbolism,0,0,4,1,11,1,0,4,1,3,0,2,0,1,0,1,2,4,0,2,7,0,1,0,84,2,densenet169
Ukiyo-e,1,0,0,0,1,0,0,0,0,0,0,0,0,1,0,0,0,0,1,0,0,0,0,0,0,129,densenet169
