art style,Abstract Art,Abstract Expressionism,Academicism,Art Informel,Art Nouveau (Modern),Baroque,Color Field Painting,Cubism,Early Renaissance,Expressionism,Fauvism,High Renaissance,Impressionism,Magic Realism,Mannerism (Late Renaissance),Naïve Art (Primitivism),Neoclassicism,Northern Renaissance,Pop Art,Post-Impressionism,Realism,Rococo,Romanticism,Surrealism,Symbolism,Ukiyo-e,Clasificador
Abstract Art,59,4,0,3,1,0,9,12,0,0,6,0,1,9,0,3,2,2,8,1,0,0,2,11,3,6,alexnet
Abstract Expressionism,16,36,0,6,3,1,7,1,0,4,4,0,4,5,0,3,1,2,11,2,1,0,2,9,7,7,alexnet
Academicism,0,0,87,1,5,9,0,0,7,0,0,0,2,2,3,2,17,9,0,0,0,10,5,2,2,4,alexnet
Art Informel,15,14,0,26,4,1,8,21,0,1,6,0,1,6,0,3,4,0,23,0,1,0,0,9,2,8,alexnet
Art Nouveau (Modern),1,1,5,0,46,0,1,1,4,1,2,4,1,8,1,2,3,4,1,3,2,2,6,7,4,24,alexnet
Baroque,0,0,9,0,3,50,0,0,3,0,0,2,2,1,21,1,15,11,0,1,1,21,10,0,1,2,alexnet
Color Field Painting,3,9,0,0,0,0,125,0,0,0,0,0,0,2,0,0,0,0,2,0,0,0,0,0,0,0,alexnet
Cubism,8,1,1,0,4,0,0,73,1,2,5,1,1,3,0,2,0,0,4,10,0,0,0,9,0,5,alexnet
Early Renaissance,1,0,6,2,1,2,0,0,92,1,0,9,0,1,5,0,7,22,0,0,0,0,0,2,1,4,alexnet
Expressionism,1,3,2,0,18,1,0,12,5,22,19,1,2,7,2,5,5,3,7,9,2,1,0,8,8,8,alexnet
Fauvism,5,3,0,0,1,0,1,5,2,3,80,1,2,2,1,6,0,0,6,11,1,0,0,4,1,10,alexnet
High Renaissance,1,0,3,0,2,4,0,1,20,0,0,48,1,0,18,0,10,21,0,0,0,4,1,0,5,4,alexnet
Impressionism,0,2,7,0,6,6,0,0,2,2,1,3,53,5,1,4,2,4,0,18,6,7,7,1,10,4,alexnet
Magic Realism,1,1,3,0,9,0,0,1,1,1,0,2,0,96,1,7,5,3,4,0,0,0,0,5,2,7,alexnet
Mannerism (Late Renaissance),1,0,9,0,1,12,0,1,16,0,0,12,0,3,58,0,9,11,0,0,0,7,1,1,2,1,alexnet
Naïve Art (Primitivism),3,3,1,1,4,1,0,7,4,1,9,1,0,7,0,53,2,4,8,1,0,1,1,6,4,5,alexnet
Neoclassicism,0,0,29,0,1,14,0,0,6,0,0,6,0,0,5,1,57,6,1,0,0,16,1,3,1,1,alexnet
Northern Renaissance,0,0,6,0,6,3,0,0,19,2,2,5,0,1,4,2,14,76,0,0,1,1,1,2,1,1,alexnet
Pop Art,8,5,0,1,9,0,4,2,0,3,4,0,0,2,0,7,1,0,99,1,0,0,0,3,1,15,alexnet
Post-Impressionism,0,0,1,0,9,0,0,2,3,3,18,0,22,5,1,11,1,2,0,44,1,0,2,4,5,6,alexnet
Realism,0,0,12,0,5,9,0,1,1,3,1,2,14,7,2,3,10,11,0,5,30,8,14,3,10,6,alexnet
Rococo,0,0,13,0,1,13,0,0,5,0,0,3,2,1,5,0,8,7,0,0,4,80,8,0,2,1,alexnet
Romanticism,0,0,14,0,11,9,0,0,3,1,0,3,5,3,3,2,14,4,0,3,6,13,33,3,6,3,alexnet
Surrealism,7,0,3,1,8,2,1,9,5,2,5,0,2,10,0,8,6,4,8,1,1,0,3,44,0,10,alexnet
Symbolism,0,0,7,0,10,3,0,2,10,1,0,3,8,6,2,1,9,10,0,5,5,4,7,3,44,4,alexnet
Ukiyo-e,0,0,0,0,7,0,0,1,0,1,0,0,0,6,0,1,1,0,1,0,0,0,0,0,0,125,alexnet
