art style,Abstract Art,Abstract Expressionism,Academicism,Art Informel,Art Nouveau (Modern),Baroque,Color Field Painting,Cubism,Early Renaissance,Expressionism,Fauvism,High Renaissance,Impressionism,Magic Realism,Mannerism (Late Renaissance),Naïve Art (Primitivism),Neoclassicism,Northern Renaissance,Pop Art,Post-Impressionism,Realism,Rococo,Romanticism,Surrealism,Symbolism,Ukiyo-e,Clasificador
Abstract Art,83,2,0,9,1,0,5,18,0,1,7,0,1,2,0,0,1,0,9,1,0,0,0,8,2,2,vgg16
Abstract Expressionism,13,63,0,22,1,0,14,0,0,6,3,0,2,1,0,3,0,0,11,2,0,0,0,5,1,0,vgg16
Academicism,0,1,89,0,0,9,0,0,4,0,0,2,1,2,4,0,8,3,0,2,5,11,5,2,2,0,vgg16
Art Informel,13,28,0,60,0,1,8,4,1,5,5,0,2,1,0,2,1,1,15,1,2,0,0,3,0,1,vgg16
Art Nouveau (Modern),0,0,7,3,63,0,0,0,1,1,1,0,3,2,1,6,3,0,6,12,0,1,2,6,7,16,vgg16
Baroque,0,0,10,0,1,52,0,0,1,0,0,9,0,0,19,0,16,8,0,0,5,15,2,4,0,0,vgg16
Color Field Painting,1,5,0,2,0,0,125,2,0,0,0,0,0,0,0,0,0,0,2,0,0,0,0,1,0,0,vgg16
Cubism,13,4,0,2,2,0,1,98,0,9,7,0,0,6,0,2,1,1,4,6,0,0,0,5,0,1,vgg16
Early Renaissance,1,1,2,0,1,1,0,0,92,0,0,15,1,1,0,2,4,13,0,0,0,1,0,1,2,0,vgg16
Expressionism,4,2,1,4,11,0,0,9,2,43,12,0,5,4,1,4,1,4,5,15,3,0,1,9,3,3,vgg16
Fauvism,2,7,0,3,1,0,1,13,0,10,85,0,1,2,0,5,0,0,7,14,0,0,0,1,2,0,vgg16
High Renaissance,0,1,2,0,0,6,0,0,18,0,0,85,0,0,12,1,2,19,0,0,2,2,0,1,0,0,vgg16
Impressionism,0,1,4,0,4,3,0,0,0,2,4,0,83,0,0,2,2,0,0,23,7,6,0,2,4,0,vgg16
Magic Realism,1,0,1,0,8,0,0,1,0,0,0,0,0,93,2,8,2,2,4,0,1,0,2,2,1,3,vgg16
Mannerism (Late Renaissance),0,0,1,0,0,8,0,0,9,1,0,23,1,0,74,1,6,11,0,0,2,4,1,1,5,1,vgg16
Naïve Art (Primitivism),2,1,1,0,7,0,0,2,0,7,3,0,1,8,0,66,3,1,11,5,0,1,1,5,2,1,vgg16
Neoclassicism,0,0,13,0,0,6,1,1,1,0,0,2,0,2,3,0,97,6,0,1,0,14,1,2,2,1,vgg16
Northern Renaissance,0,0,0,0,9,0,0,1,13,0,0,15,0,0,4,2,5,85,0,2,0,1,2,0,2,0,vgg16
Pop Art,5,6,0,0,2,0,4,6,1,4,4,0,0,0,0,3,0,0,94,0,0,0,0,7,0,1,vgg16
Post-Impressionism,0,0,2,0,2,0,0,4,0,9,17,0,18,2,0,3,2,2,2,51,2,1,0,3,0,0,vgg16
Realism,0,0,17,2,1,7,0,0,0,6,0,2,20,2,1,3,12,2,0,7,45,6,10,6,8,0,vgg16
Rococo,0,0,9,0,0,15,0,0,4,0,0,3,0,0,4,0,14,4,0,0,0,93,4,0,0,1,vgg16
Romanticism,0,0,13,0,4,11,0,0,1,6,0,2,9,1,2,1,14,2,0,3,10,9,48,1,6,0,vgg16
Surrealism,11,3,1,2,3,3,1,10,2,4,1,0,0,7,0,5,6,1,5,0,0,0,5,72,6,4,vgg16
Symbolism,0,0,6,1,11,3,0,2,7,8,2,3,4,7,2,4,7,4,2,7,8,1,3,6,48,0,vgg16
Ukiyo-e,1,1,0,0,7,0,0,0,1,1,0,0,0,1,0,2,0,0,1,0,0,0,0,2,0,149,vgg16
