art style,Abstract Art,Abstract Expressionism,Academicism,Art Informel,Art Nouveau (Modern),Baroque,Color Field Painting,Cubism,Early Renaissance,Expressionism,Fauvism,High Renaissance,Impressionism,Magic Realism,Mannerism (Late Renaissance),Naïve Art (Primitivism),Neoclassicism,Northern Renaissance,Pop Art,Post-Impressionism,Realism,Rococo,Romanticism,Surrealism,Symbolism,Ukiyo-e,Clasificador
Abstract Art,112,8,0,3,1,0,3,12,0,0,1,0,0,0,0,0,0,0,1,0,0,0,0,5,1,0,resnet152
Abstract Expressionism,17,110,0,12,3,0,8,4,0,0,5,0,0,1,0,1,0,1,4,1,1,0,0,3,3,0,resnet152
Academicism,0,1,95,0,1,8,0,0,2,2,0,4,0,1,1,0,20,4,0,2,5,3,5,1,1,0,resnet152
Art Informel,6,27,0,87,0,0,6,1,0,5,2,0,0,0,0,2,1,0,2,0,0,0,1,6,0,0,resnet152
Art Nouveau (Modern),0,0,1,1,118,0,0,2,0,1,2,1,0,1,1,4,2,3,3,5,2,0,4,1,4,5,resnet152
Baroque,0,0,0,0,3,72,0,0,1,0,0,3,0,0,19,0,11,6,0,0,1,11,2,1,0,0,resnet152
Color Field Painting,2,1,0,0,0,0,139,1,0,0,0,0,0,0,0,0,0,0,1,0,0,0,0,0,0,0,resnet152
Cubism,11,0,0,2,0,0,0,108,1,3,3,0,0,2,0,1,0,0,1,3,0,0,0,3,0,0,resnet152
Early Renaissance,0,0,0,0,0,0,0,1,132,0,0,11,0,0,3,0,0,8,0,0,0,0,0,0,0,1,resnet152
Expressionism,1,1,0,2,6,0,0,11,1,59,9,1,1,1,0,5,3,4,1,9,2,1,0,10,4,2,resnet152
Fauvism,3,4,0,0,1,0,0,4,1,2,118,0,0,0,0,3,0,0,1,10,0,0,0,1,1,1,resnet152
High Renaissance,0,0,1,0,0,2,0,0,16,0,0,93,0,0,12,0,1,9,0,0,1,0,0,0,1,0,resnet152
Impressionism,1,0,4,0,7,1,1,0,0,0,3,0,83,2,0,0,3,1,0,28,6,0,4,2,4,0,resnet152
Magic Realism,1,0,0,0,4,0,0,2,0,1,1,1,0,119,1,3,0,3,2,3,2,0,2,4,3,0,resnet152
Mannerism (Late Renaissance),0,0,1,0,2,5,0,0,6,0,0,19,0,0,114,0,1,11,0,0,0,1,0,0,0,0,resnet152
Naïve Art (Primitivism),3,0,0,0,4,0,0,1,2,3,1,1,0,5,1,110,1,3,5,4,1,0,1,8,0,0,resnet152
Neoclassicism,0,0,2,0,2,5,0,1,2,1,0,2,0,1,2,0,111,3,1,0,1,9,2,1,0,0,resnet152
Northern Renaissance,0,0,0,0,2,2,0,0,10,0,0,9,0,0,2,0,2,98,0,0,0,0,0,0,0,0,resnet152
Pop Art,4,3,0,3,5,0,1,5,0,0,2,0,0,2,0,3,0,0,111,0,0,0,0,4,0,1,resnet152
Post-Impressionism,0,0,1,0,10,0,0,1,2,8,9,0,8,0,0,0,1,1,1,88,0,0,2,0,6,0,resnet152
Realism,0,0,9,0,7,8,0,0,2,1,0,4,10,4,2,1,12,2,0,8,67,1,10,0,5,0,resnet152
Rococo,0,0,6,0,0,6,0,0,1,0,0,3,0,0,4,0,13,0,0,0,0,90,4,1,0,1,resnet152
Romanticism,0,0,15,0,4,3,0,0,2,0,0,2,1,0,7,1,15,9,0,1,5,4,74,1,5,0,resnet152
Surrealism,10,0,2,4,6,1,2,3,3,1,1,0,0,1,0,2,3,1,2,0,0,0,1,107,2,3,resnet152
Symbolism,0,1,4,1,6,2,0,0,7,2,0,2,4,2,2,2,3,7,0,11,3,0,4,5,66,0,resnet152
Ukiyo-e,0,0,0,0,3,0,0,0,0,0,0,1,0,0,0,0,0,0,0,0,1,0,0,0,0,130,resnet152
