art style,Abstract Art,Abstract Expressionism,Academicism,Art Informel,Art Nouveau (Modern),Baroque,Color Field Painting,Cubism,Early Renaissance,Expressionism,Fauvism,High Renaissance,Impressionism,Magic Realism,Mannerism (Late Renaissance),Naïve Art (Primitivism),Neoclassicism,Northern Renaissance,Pop Art,Post-Impressionism,Realism,Rococo,Romanticism,Surrealism,Symbolism,Ukiyo-e,Clasificador
Abstract Art,104,6,0,7,0,0,9,6,0,2,4,0,0,3,0,0,0,0,1,0,0,0,0,11,0,1,densenet201
Abstract Expressionism,13,67,0,17,1,0,12,1,0,8,6,0,0,1,0,1,0,0,4,0,1,0,0,6,2,1,densenet201
Academicism,0,0,76,0,1,16,0,0,0,1,0,0,3,4,4,0,11,1,0,2,7,7,9,2,1,0,densenet201
Art Informel,9,32,0,49,2,1,6,1,0,3,4,0,1,3,0,4,1,0,7,1,2,0,0,9,1,1,densenet201
Art Nouveau (Modern),1,2,3,0,89,2,0,0,1,5,2,0,1,6,2,1,1,0,3,5,2,0,4,3,10,5,densenet201
Baroque,0,0,2,0,1,86,0,0,0,0,0,2,0,1,18,0,6,3,0,0,4,13,5,2,3,0,densenet201
Color Field Painting,1,7,0,2,0,0,124,0,0,0,0,0,0,0,0,0,0,0,3,0,0,0,0,3,0,0,densenet201
Cubism,11,0,0,1,1,0,0,102,1,9,9,0,2,1,0,1,1,1,7,4,0,0,0,5,1,0,densenet201
Early Renaissance,0,0,1,0,2,2,0,0,112,2,0,21,0,1,2,0,0,10,0,1,1,0,0,1,1,0,densenet201
Expressionism,3,3,0,1,11,2,0,8,1,56,17,0,7,5,2,8,1,0,4,6,4,0,4,9,6,1,densenet201
Fauvism,1,2,0,2,1,0,0,4,0,13,92,0,2,0,1,2,0,0,2,14,0,0,0,3,0,0,densenet201
High Renaissance,0,0,0,0,0,9,0,0,14,1,0,74,0,0,14,1,3,20,0,1,0,2,0,0,1,0,densenet201
Impressionism,0,0,6,2,3,2,0,1,1,5,0,0,73,2,0,0,1,0,0,17,18,4,4,0,4,1,densenet201
Magic Realism,1,0,0,0,0,0,0,2,1,1,1,0,1,103,1,2,1,1,1,0,1,0,3,7,3,0,densenet201
Mannerism (Late Renaissance),0,0,2,0,0,16,0,0,3,1,0,9,0,0,100,1,5,4,0,0,0,0,1,1,0,0,densenet201
Naïve Art (Primitivism),2,0,0,1,9,0,0,3,1,13,5,0,0,10,1,85,3,1,4,4,1,0,2,7,2,2,densenet201
Neoclassicism,0,0,7,0,1,10,0,1,0,2,0,5,0,1,4,1,76,1,0,0,0,12,5,0,1,0,densenet201
Northern Renaissance,1,0,1,0,1,6,0,0,14,1,0,16,0,2,11,1,2,96,0,0,2,0,2,0,0,0,densenet201
Pop Art,5,2,0,6,4,0,4,2,0,6,5,0,0,4,0,5,0,2,96,0,0,0,0,9,1,3,densenet201
Post-Impressionism,0,0,1,0,7,0,0,3,0,8,9,1,21,3,1,4,1,2,0,55,6,0,1,2,7,1,densenet201
Realism,0,1,12,0,5,12,0,1,0,6,0,1,16,2,3,2,7,1,0,2,55,4,12,0,3,0,densenet201
Rococo,0,0,1,0,0,21,0,0,0,0,0,3,0,1,5,1,7,3,0,0,0,92,9,0,0,0,densenet201
Romanticism,0,0,18,0,7,7,0,0,0,3,0,4,5,1,2,0,4,5,0,3,9,14,58,1,8,0,densenet201
Surrealism,8,1,0,0,8,1,0,10,1,4,3,0,0,8,0,8,4,3,5,0,3,0,2,71,8,1,densenet201
Symbolism,1,1,4,3,10,2,0,1,2,6,1,1,4,3,1,4,4,10,0,6,11,2,7,6,75,0,densenet201
Ukiyo-e,3,0,0,0,2,0,0,0,1,1,0,0,0,0,0,0,0,0,1,0,0,0,0,2,1,128,densenet201
