art style,Abstract Art,Abstract Expressionism,Academicism,Art Informel,Art Nouveau (Modern),Baroque,Color Field Painting,Cubism,Early Renaissance,Expressionism,Fauvism,High Renaissance,Impressionism,Magic Realism,Mannerism (Late Renaissance),Naïve Art (Primitivism),Neoclassicism,Northern Renaissance,Pop Art,Post-Impressionism,Realism,Rococo,Romanticism,Surrealism,Symbolism,Ukiyo-e,Clasificador
Abstract Art,74,9,0,11,0,0,6,11,1,2,4,0,0,2,0,2,0,0,4,1,1,0,0,6,0,1,resnet50
Abstract Expressionism,11,59,0,20,0,0,8,7,0,4,5,0,0,3,0,4,1,1,9,0,0,0,0,4,1,1,resnet50
Academicism,0,0,81,0,2,16,0,0,4,0,0,2,0,5,1,0,5,3,0,1,6,5,8,0,1,0,resnet50
Art Informel,11,19,0,53,2,0,10,4,1,5,7,0,3,2,0,1,0,0,16,1,3,0,0,7,3,2,resnet50
Art Nouveau (Modern),0,0,2,0,75,2,2,2,1,8,5,0,1,5,1,11,2,3,2,4,1,2,2,3,9,9,resnet50
Baroque,0,0,4,0,0,71,0,0,4,0,0,2,1,2,8,1,7,9,0,0,6,16,3,0,2,1,resnet50
Color Field Painting,7,5,0,2,0,0,113,0,0,0,0,0,0,2,0,0,0,0,3,0,0,0,0,0,0,0,resnet50
Cubism,15,0,0,2,0,0,0,95,0,4,2,0,0,4,0,1,2,0,6,4,0,0,0,8,0,0,resnet50
Early Renaissance,0,0,0,0,1,0,0,0,108,1,0,11,0,2,2,2,1,22,0,0,0,0,0,0,1,0,resnet50
Expressionism,0,3,0,4,8,2,0,12,1,57,8,0,1,6,0,9,2,1,2,6,3,0,2,4,8,1,resnet50
Fauvism,2,3,0,1,1,0,1,7,0,19,75,0,5,2,0,3,0,0,3,20,0,0,0,1,0,1,resnet50
High Renaissance,0,1,2,0,2,6,0,2,18,2,0,81,0,1,13,0,2,22,0,0,0,3,0,1,2,0,resnet50
Impressionism,0,0,5,0,2,5,0,0,1,7,1,0,73,0,1,0,0,1,0,25,14,3,5,2,2,0,resnet50
Magic Realism,1,0,0,0,3,1,1,1,2,6,1,0,0,97,0,1,0,1,4,1,1,0,0,6,3,2,resnet50
Mannerism (Late Renaissance),0,0,2,0,0,11,0,0,8,1,0,23,0,0,80,0,1,7,0,0,0,4,3,0,2,0,resnet50
Naïve Art (Primitivism),1,1,0,0,5,1,0,2,1,9,7,0,0,11,0,88,1,0,9,4,0,3,0,7,3,0,resnet50
Neoclassicism,0,2,17,0,3,10,0,2,1,1,0,5,0,2,3,0,62,6,0,1,3,15,3,0,1,0,resnet50
Northern Renaissance,0,0,2,0,1,4,0,2,9,3,0,13,0,0,4,1,2,98,0,1,1,0,1,2,0,2,resnet50
Pop Art,9,2,0,1,2,0,1,6,0,5,4,0,0,4,0,2,0,0,104,0,0,0,0,2,0,1,resnet50
Post-Impressionism,0,0,3,0,9,1,0,1,0,11,8,0,24,2,0,6,1,2,1,59,6,0,1,2,9,0,resnet50
Realism,0,1,10,0,10,11,0,1,0,7,0,1,17,3,3,4,5,7,0,9,54,4,8,2,8,0,resnet50
Rococo,0,0,8,0,0,21,0,0,1,0,0,3,0,0,6,0,5,0,0,0,2,85,8,1,1,0,resnet50
Romanticism,0,2,20,0,5,9,0,0,4,3,0,2,6,2,5,3,12,5,0,2,19,12,40,4,3,1,resnet50
Surrealism,10,6,2,3,4,0,2,10,0,6,4,0,1,11,0,8,2,3,5,0,1,0,1,69,1,2,resnet50
Symbolism,2,2,8,0,17,7,0,4,5,7,0,1,6,3,0,3,5,3,0,15,10,4,6,7,47,3,resnet50
Ukiyo-e,0,0,0,0,5,0,0,0,0,0,0,0,0,2,0,2,1,0,1,0,1,0,0,1,1,135,resnet50
