art style,Abstract Art,Abstract Expressionism,Academicism,Art Informel,Art Nouveau (Modern),Baroque,Color Field Painting,Cubism,Early Renaissance,Expressionism,Fauvism,High Renaissance,Impressionism,Magic Realism,Mannerism (Late Renaissance),Naïve Art (Primitivism),Neoclassicism,Northern Renaissance,Pop Art,Post-Impressionism,Realism,Rococo,Romanticism,Surrealism,Symbolism,Ukiyo-e,Clasificador
Abstract Art,56,4,0,7,0,0,3,19,1,1,8,0,1,1,0,2,0,0,10,0,0,0,0,9,3,3,squeezenet
Abstract Expressionism,21,46,0,20,4,0,16,8,0,7,12,0,1,4,0,4,1,1,9,0,0,0,1,0,1,3,squeezenet
Academicism,0,0,53,0,3,8,0,0,10,2,0,2,1,2,3,1,11,5,0,2,9,11,3,1,4,3,squeezenet
Art Informel,19,23,0,43,7,0,9,5,2,5,10,0,3,3,0,0,1,0,13,2,2,0,2,4,1,3,squeezenet
Art Nouveau (Modern),1,0,7,0,65,0,0,1,3,5,6,2,3,6,0,3,4,3,4,8,2,0,1,2,5,15,squeezenet
Baroque,0,0,6,0,2,34,0,0,9,0,0,6,2,0,24,2,13,6,0,0,2,20,9,5,2,0,squeezenet
Color Field Painting,9,9,0,4,0,0,133,0,0,0,0,0,0,1,0,0,0,0,2,0,0,0,0,1,0,0,squeezenet
Cubism,7,1,0,2,4,0,1,91,1,5,9,1,2,3,1,6,0,0,8,12,0,0,0,7,0,3,squeezenet
Early Renaissance,1,0,3,0,2,1,0,1,92,0,0,5,0,3,4,0,3,21,0,0,0,0,0,1,0,6,squeezenet
Expressionism,1,1,4,3,17,0,0,13,3,21,15,0,3,3,3,2,4,4,2,7,1,1,0,9,13,3,squeezenet
Fauvism,4,3,1,0,3,0,0,12,1,9,79,0,3,3,0,3,0,0,6,11,0,0,1,1,1,1,squeezenet
High Renaissance,0,1,3,0,5,6,0,0,28,0,0,56,0,1,17,0,2,23,0,1,1,6,0,2,1,2,squeezenet
Impressionism,0,2,8,0,3,3,0,1,1,2,4,0,54,2,2,2,2,1,0,18,18,2,8,1,12,0,squeezenet
Magic Realism,1,0,1,0,11,0,1,4,5,2,0,0,0,85,5,3,3,4,1,4,2,2,3,8,3,3,squeezenet
Mannerism (Late Renaissance),0,0,1,0,0,12,0,0,16,0,0,13,0,0,63,0,2,16,0,0,5,6,1,0,2,1,squeezenet
Naïve Art (Primitivism),3,1,1,1,6,0,0,9,1,9,5,2,0,4,0,63,2,3,9,6,2,0,2,6,1,6,squeezenet
Neoclassicism,0,0,10,0,6,8,0,1,6,0,0,2,0,1,3,1,46,8,0,1,3,11,5,2,0,0,squeezenet
Northern Renaissance,0,2,0,0,2,4,0,0,20,1,1,7,1,2,8,2,11,58,0,0,2,1,3,4,3,1,squeezenet
Pop Art,4,2,0,4,2,0,5,6,0,3,3,0,0,7,1,7,0,0,87,2,0,0,0,5,0,13,squeezenet
Post-Impressionism,2,1,4,0,9,1,0,7,2,11,16,1,29,4,1,6,2,1,0,48,6,1,1,2,6,3,squeezenet
Realism,0,0,12,2,6,5,0,0,3,1,1,1,22,0,6,0,10,4,0,1,38,3,11,3,7,1,squeezenet
Rococo,0,0,8,0,1,13,0,0,7,0,0,1,0,1,4,0,4,2,0,0,1,84,5,2,4,1,squeezenet
Romanticism,1,0,20,0,4,9,0,0,2,4,0,1,9,1,7,0,12,5,0,0,9,12,43,5,11,1,squeezenet
Surrealism,6,1,2,1,6,2,2,19,2,6,5,0,0,14,3,8,1,5,6,2,1,1,12,47,5,4,squeezenet
Symbolism,2,3,4,3,9,2,0,2,6,3,1,2,2,14,3,1,6,6,1,6,12,4,4,7,34,6,squeezenet
Ukiyo-e,0,0,0,0,12,1,0,0,1,0,0,0,0,2,0,1,1,0,1,0,0,0,0,5,0,136,squeezenet
