art style,Abstract Art,Abstract Expressionism,Academicism,Art Informel,Art Nouveau (Modern),Baroque,Color Field Painting,Cubism,Early Renaissance,Expressionism,Fauvism,High Renaissance,Impressionism,Magic Realism,Mannerism (Late Renaissance),Naïve Art (Primitivism),Neoclassicism,Northern Renaissance,Pop Art,Post-Impressionism,Realism,Rococo,Romanticism,Surrealism,Symbolism,Ukiyo-e,Clasificador
Abstract Art,101,13,0,15,1,0,2,6,0,1,3,0,0,0,0,1,0,0,5,0,0,0,0,5,4,0,vgg19
Abstract Expressionism,7,75,0,24,1,0,9,4,0,3,3,0,2,0,0,0,0,0,5,0,0,0,0,2,1,0,vgg19
Academicism,0,0,73,0,1,8,0,0,2,0,0,2,2,2,1,0,9,1,1,0,9,5,6,0,3,0,vgg19
Art Informel,15,30,0,50,5,1,10,7,0,4,2,0,0,2,0,2,0,0,7,2,2,0,2,4,2,0,vgg19
Art Nouveau (Modern),1,1,3,0,66,1,0,0,4,7,1,0,5,3,0,6,3,0,5,5,7,0,4,2,16,12,vgg19
Baroque,0,0,7,0,1,48,0,0,2,0,0,8,2,0,21,0,13,6,0,0,1,24,6,1,0,0,vgg19
Color Field Painting,3,9,0,2,0,0,118,0,0,0,0,0,1,0,0,0,0,0,2,0,0,0,0,0,0,0,vgg19
Cubism,22,0,0,4,3,0,0,86,3,7,5,0,0,2,0,4,0,0,4,4,0,0,0,5,0,0,vgg19
Early Renaissance,0,1,2,1,0,1,0,0,105,0,0,17,0,0,3,0,1,10,0,0,0,0,0,1,3,0,vgg19
Expressionism,1,5,1,4,5,2,0,7,0,38,12,0,7,3,1,3,1,1,5,8,4,0,4,9,6,3,vgg19
Fauvism,2,2,0,1,1,0,1,14,0,18,82,0,2,2,0,2,0,0,4,14,0,0,0,3,0,0,vgg19
High Renaissance,0,0,3,3,0,7,0,1,23,0,0,82,0,0,20,0,3,17,0,1,0,3,0,0,2,1,vgg19
Impressionism,1,2,4,0,1,1,0,0,2,1,2,0,98,1,0,0,0,0,0,11,23,2,7,2,7,0,vgg19
Magic Realism,1,2,3,0,5,0,0,1,0,1,0,0,1,89,0,8,1,1,2,1,2,0,0,5,3,1,vgg19
Mannerism (Late Renaissance),0,0,1,0,1,11,0,0,10,0,0,13,0,1,80,0,2,7,0,0,0,7,2,0,2,0,vgg19
Naïve Art (Primitivism),2,8,2,1,4,1,0,6,0,9,2,2,1,10,0,76,2,3,19,0,1,2,0,5,1,0,vgg19
Neoclassicism,0,0,14,0,1,6,0,1,1,1,0,7,0,0,1,0,76,5,0,0,3,20,3,4,2,0,vgg19
Northern Renaissance,0,0,1,0,3,3,0,0,15,2,0,19,0,2,5,3,8,85,0,0,1,0,0,0,9,0,vgg19
Pop Art,5,8,0,5,1,0,3,4,0,0,1,0,0,5,0,7,0,0,102,0,0,0,0,6,2,3,vgg19
Post-Impressionism,0,1,2,0,3,1,0,5,0,16,15,3,49,0,1,6,3,1,0,48,3,1,0,6,4,0,vgg19
Realism,0,2,15,2,5,12,0,0,0,7,0,0,11,2,1,6,5,5,0,2,51,5,12,1,12,0,vgg19
Rococo,0,0,8,0,0,12,0,0,2,0,0,2,0,0,4,0,4,2,0,0,2,96,6,0,2,0,vgg19
Romanticism,0,0,24,0,3,9,1,0,2,2,0,2,7,4,6,0,4,1,0,2,13,13,40,0,4,1,vgg19
Surrealism,11,1,3,2,6,2,0,7,1,5,0,1,0,11,0,2,5,1,8,1,2,1,2,64,7,2,vgg19
Symbolism,1,0,10,0,10,8,1,3,2,5,3,2,5,8,5,6,3,3,0,3,12,3,6,2,41,1,vgg19
Ukiyo-e,1,0,0,1,8,0,0,1,0,1,0,0,0,2,0,0,0,1,2,0,0,0,2,0,2,116,vgg19
